PARENT_ITEM_CD,CHILD_ITEM_CD,QTY_PER,YIELD_RATE,UPD_TMS
10000014,20000011,1.00,100.00,2026-09-01-09.00.00.000000
10000014,20000035,2.00,95.00,2026-09-01-09.00.00.000000
10000014,20000059,2.00,98.00,2026-09-01-09.00.00.000000
10000014,20000073,1.00,100.00,2026-09-01-09.00.00.000000
10000021,20000011,1.00,100.00,2026-09-01-09.00.00.000000
10000021,20000042,2.00,93.00,2026-09-01-09.00.00.000000
10000021,20000066,2.00,98.00,2026-09-01-09.00.00.000000
10000021,20000080,4.00,100.00,2026-09-01-09.00.00.000000
10000021,20000097,1.00,99.00,2026-09-01-09.00.00.000000
