ITEM_CD,ITEM_NAME,ITEM_KBN,STOCK_UNIT,DEL_FLG,UPD_TMS,CRT_TMS
10000014,精密減速機ユニットA型,1,台,0,2026-09-01-09.00.00.000000,2015-04-01-09.00.00.000000
10000021,精密減速機ユニットB型,1,台,0,2026-09-01-09.00.00.000000,2016-10-01-09.00.00.000000
20000011,主軸アセンブリ,2,個,0,2026-09-01-09.00.00.000000,2015-04-01-09.00.00.000000
20000028,ハウジングケース,2,個,0,2026-09-01-09.00.00.000000,2015-04-01-09.00.00.000000
20000035,歯車セットA,2,組,0,2026-09-01-09.00.00.000000,2015-04-01-09.00.00.000000
20000042,歯車セットB,2,組,0,2026-09-01-09.00.00.000000,2016-10-01-09.00.00.000000
20000059,ベアリング6204,2,個,0,2026-09-01-09.00.00.000000,2015-04-01-09.00.00.000000
20000066,ベアリング6205,2,個,0,2026-09-01-09.00.00.000000,2016-10-01-09.00.00.000000
20000073,オイルシール,2,個,0,2026-09-01-09.00.00.000000,2015-04-01-09.00.00.000000
20000080,固定ボルトセット,2,組,0,2026-09-01-09.00.00.000000,2016-10-01-09.00.00.000000
20000097,端子台,2,個,0,2026-09-01-09.00.00.000000,2016-10-01-09.00.00.000000
20000103,制御基板,2,枚,0,2026-09-01-09.00.00.000000,2018-05-15-09.00.00.000000
90000010,潤滑グリース,9,KG,0,2026-09-01-09.00.00.000000,2015-04-01-09.00.00.000000
90000027,洗浄スプレー,9,本,0,2026-09-01-09.00.00.000000,2015-04-01-09.00.00.000000
90000034,作業用手袋,9,組,0,2026-09-01-09.00.00.000000,2015-04-01-09.00.00.000000
