ITEM_CD,STOCK_QTY,UPD_TMS
10000014,15,2026-09-01-09.00.00.000000
10000021,10,2026-09-01-09.00.00.000000
20000011,120,2026-09-01-09.00.00.000000
20000028,80,2026-09-01-09.00.00.000000
20000035,60,2026-09-01-09.00.00.000000
20000042,40,2026-09-01-09.00.00.000000
20000059,200,2026-09-01-09.00.00.000000
20000066,150,2026-09-01-09.00.00.000000
20000073,300,2026-09-01-09.00.00.000000
20000080,500,2026-09-01-09.00.00.000000
20000097,90,2026-09-01-09.00.00.000000
20000103,25,2026-09-01-09.00.00.000000
90000010,40,2026-09-01-09.00.00.000000
90000027,15,2026-09-01-09.00.00.000000
90000034,100,2026-09-01-09.00.00.000000
